code,term
103691000119106,Gastric ulcer caused by Helicobacter pylori
10389003,Acute gastrojejunal ulcer without hemorrhage AND without perforation but with obstruction
10699001,Esophagogastric ulcer
10897002,Chronic gastrojejunal ulcer with perforation AND with obstruction
109813002,Drug-induced peptic ulcer
111353003,Acute peptic ulcer with hemorrhage and perforation
1144981002,Ulcer of stomach due to Henoch-Sch√∂nlein purpura
1163589006,Prepyloric ulcer with hemorrhage
1177073003,Duodenal ulcer caused by disease caused by parasite
11818002,Gastrojejunal ulcer with perforation but without obstruction
1197685001,Ulcer of duodenum due to vasculitis
1197688004,Ulcer of duodenum due to immunoglobulin A vasculitis
1197690003,Ulcer of duodenum due to sarcoidosis
1197691004,Ulcer of duodenum due to celiac disease
1197692006,Ulcer of duodenum due to Crohn disease
1197708008,Gastric ulcer due to vasculitis
1197714001,Gastric ulcer due to Crohn disease
1197724009,Duodenal ulcer caused by alcohol
1197771003,Gastric ulcer due to sarcoidosis
1204467005,Gastrointestinal ulceration due to sepsis
12274003,Acute peptic ulcer with hemorrhage
12355008,"Duodenal ulcer with hemorrhage, with perforation AND with obstruction"
12384004,Chronic peptic ulcer without hemorrhage AND without perforation but with obstruction
12625009,Peptic ulcer with perforation but without obstruction
128286008,Chronic duodenal ulcer
128287004,Chronic peptic ulcer
128288009,Chronic gastrojejunal ulcer
12847006,Acute duodenal ulcer with hemorrhage
129141000119104,Gastric ulcer caused by non-steroidal anti-inflammatory drug in therapeutic use
13200003,Peptic ulcer
15115006,Duodenal ulcer with hemorrhage AND with perforation but without obstruction
1567007,"Chronic gastric ulcer without hemorrhage, without perforation AND without obstruction"
15902003,Gastric ulcer with hemorrhage
16089091000119106,History of esophageal ulcer
16089131000119108,History of pyloric channel ulcer
16089211000119108,History of gastrojejunal ulcer
16121001,Gastrojejunal ulcer
16516008,Familial duodenal ulcer associated with rapid gastric emptying
16694003,Gastric ulcer with hemorrhage but without obstruction
17067009,Acute gastric ulcer with hemorrhage AND with perforation but without obstruction
173842008,Closure of perforated gastric ulcer
173889005,Closure of perforated duodenal ulcer
17593008,"Gastric ulcer with hemorrhage, with perforation and with obstruction"
18169007,Duodenal ulcer without hemorrhage AND without perforation but with obstruction
18367003,Duodenal ulcer with hemorrhage AND obstruction
196607008,Esophageal ulcer caused by aspirin
196609006,Barrett's ulcer of esophagus
196632005,Acute gastric ulcer with obstruction
196639001,Chronic gastric ulcer with obstruction
196652006,Acute duodenal ulcer
196658005,Acute duodenal ulcer with obstruction
196666001,Chronic duodenal ulcer with obstruction
196671008,Recurrent duodenal ulcer
196682000,Acute peptic ulcer
196687006,Acute peptic ulcer with obstruction
196694009,Chronic peptic ulcer with obstruction
196707000,Acute gastrojejunal ulcer
196712004,Acute gastrojejunal ulcer with obstruction
196719008,Chronic gastrojejunal ulcer with obstruction
196775009,Healed gastric ulcer leaving a scar
19850005,Acute gastric ulcer with perforation
2066005,Gastric ulcer with hemorrhage AND perforation but without obstruction
21759003,Gastrojejunal ulcer with perforation AND obstruction
22157005,Acute peptic ulcer with hemorrhage but without obstruction
221899751000119107,Chronic ulcer of pylorus caused by Helicobacter pylori
22511002,Acute duodenal ulcer with perforation but without obstruction
22620000,Prepyloric ulcer
226891000000104,Oversew of blood vessel of duodenal ulcer
235232008,Oversewing perforated gastric ulcer
235608007,Eosinophilic ulcer of esophagus
235609004,Infective ulcer of esophagus
235610009,Bacterial ulcer of esophagus
235611008,Viral ulcer of esophagus
235612001,Protozoal ulcer of esophagus
235613006,Ulcer of esophagus caused by radiation
235614000,Stress ulceration of esophagus
235648004,Acute drug-induced ulcer of stomach
235650007,Chronic drug-induced ulcer of stomach
235688009,Stress ulcer of duodenum
235689001,Cushing ulcer of duodenum
235690005,Curling's ulcer of duodenum
235702004,Healed gastric ulcer
23649000,Cushing ulcer
23693000,"Acute duodenal ulcer without hemorrhage, without perforation AND without obstruction"
23812009,Duodenal ulcer with hemorrhage AND perforation
24001002,"Chronic gastrojejunal ulcer with hemorrhage, with perforation and with obstruction"
24060004,Gastrocolic ulcer
245754007,Gastroesophageal reflux disease with ulceration
248891000000103,Non-steroidal anti-inflammatory drug induced gastric ulcer
250856961000119105,Chronic ulcer of pyloric antrum
26221006,"Peptic ulcer with hemorrhage, with perforation AND with obstruction"
266998003,History of peptic ulcer
27281001,Duodenal ulcer with hemorrhage
275547005,History of duodenal ulcer
275548000,History of gastric ulcer
2783007,Gastrojejunal ulcer without hemorrhage AND without perforation
2807004,Chronic gastrojejunal ulcer with perforation
28082003,Chronic duodenal ulcer without hemorrhage AND without perforation but with obstruction
287811008,Perforated peptic ulcer closure
28945005,"Acute peptic ulcer with hemorrhage, with perforation AND with obstruction"
29755007,Duodenal ulcer with increased serum pepsinogen I
30183003,Gastrojejunal ulcer with perforation
3023008,"Acute peptic ulcer without hemorrhage, without perforation AND without obstruction"
30514008,Acute gastrojejunal ulcer without hemorrhage AND without perforation
307190008,Laparoscopic closure of perforated gastric ulcer
307259004,Suture of gastric ulcer
307260009,Suture of duodenal ulcer
307510004,Oversewing of bleeding duodenal ulcer
307511000,Under-running of bleeding duodenal ulcer
307512007,Oversewing of bleeding gastric ulcer
30811009,Ulcer of esophagus
308882008,Bleeding stress ulcer of stomach
31301004,Chronic gastric ulcer with perforation
313425006,Multiple gastric ulcers
31452001,Gastric ulcer without hemorrhage AND without perforation but with obstruction
314632001,Under-running of bleeding gastric ulcer
32490005,Acute duodenal ulcer without hemorrhage AND without perforation
34021006,Chronic duodenal ulcer with hemorrhage AND obstruction
34580000,"Duodenal ulcer without hemorrhage, without perforation AND without obstruction"
34602004,Chronic duodenal ulcer with perforation but without obstruction
3483000,Chronic peptic ulcer with perforation
34921009,Acute peptic ulcer with perforation but without obstruction
35517004,"Gastrojejunal ulcer without hemorrhage, without perforation AND without obstruction"
35560008,Duodenal ulcer with hemorrhage but without obstruction
35681000,Acute peptic ulcer with perforation AND obstruction
35892001,Oversewing of perforated duodenal ulcer
359574001,Closure of ulcer of duodenum
360372005,Gastrorrhaphy for perforated gastric ulcer
360374006,Oversewing of peptic ulcer crater
360377004,Oversewing of ulcer crater of stomach
36246001,Chronic gastric ulcer with perforation but without obstruction
36975000,Chronic duodenal ulcer with hemorrhage AND perforation
37442009,Peptic ulcer without hemorrhage AND without perforation
38365000,"Peptic ulcer without hemorrhage, without perforation AND without obstruction"
39204006,Pyloric ulcer
39755000,Curling's ulcer
397825006,Gastric ulcer
40214005,Chronic duodenal ulcer without hemorrhage AND without perforation
415624002,Stress ulcer of stomach
41626001,"Chronic gastrojejunal ulcer without hemorrhage, without perforation AND without obstruction"
41986000,"Acute duodenal ulcer with hemorrhage, with perforation AND with obstruction"
4269005,Chronic gastrojejunal ulcer without hemorrhage AND without perforation
42698006,Gastrojejunal ulcer with hemorrhage AND obstruction
43035002,Childhood duodenal ulcer
43406003,Acute peptic ulcer with hemorrhage AND obstruction
43694004,Acute gastric ulcer with perforation AND obstruction
439955006,Ulcerative esophagitis
442805003,Incision of stomach and suture of bleeding gastric ulcer
45485004,Acute peptic ulcer without hemorrhage AND without perforation
45640006,Chronic gastrojejunal ulcer with hemorrhage and perforation
46523000,Chronic gastrojejunal ulcer with hemorrhage and with perforation but without obstruction
46708007,Acute gastric ulcer with hemorrhage and obstruction
47064007,Acute peptic ulcer with hemorrhage AND with perforation but without obstruction
47152002,Gastrojejunal ulcer without hemorrhage AND without perforation but with obstruction
48336009,Peptic ulcer with perforation AND obstruction
48658001,Peptic ulcer with hemorrhage but without obstruction
48974009,Acute gastric ulcer with hemorrhage and perforation
4911000119101,Antral ulcer
49232000,Chronic peptic ulcer with hemorrhage
49916007,Chronic duodenal ulcer with perforation
500790491000119109,Acute gastric ulcer caused by Cytomegalovirus
50663005,Gastrojejunal ulcer with hemorrhage but without obstruction
51847008,Acute duodenal ulcer with hemorrhage AND with perforation but without obstruction
51868009,Ulcer of duodenum
53132006,Zollinger-Ellison syndrome
53337006,"Acute gastric ulcer with hemorrhage, with perforation and with obstruction"
53877005,Gastric ulcer with hemorrhage and obstruction
54053008,"Acute gastric ulcer without hemorrhage, without perforation AND without obstruction"
54157007,Peptic ulcer without hemorrhage AND without perforation but with obstruction
54798007,"Gastrojejunal ulcer with hemorrhage, with perforation and with obstruction"
5492000,Chronic peptic ulcer without hemorrhage AND without perforation
55483002,Chronic gastric ulcer with perforation AND with obstruction
55617001,Peptic ulcer with hemorrhage AND perforation
55746001,Chronic peptic ulcer with hemorrhage AND with perforation but without obstruction
56461008,Chronic peptic ulcer with hemorrhage AND obstruction
56579005,Chronic gastrojejunal ulcer without hemorrhage AND without perforation but with obstruction
56776001,Duodenal ulcer without hemorrhage AND without perforation
57246001,Chronic gastric ulcer with hemorrhage
57748001,Bleeding ulcer of esophagus
57871005,Chronic peptic ulcer with perforation AND obstruction
57940000,"Chronic duodenal ulcer without hemorrhage, without perforation AND without obstruction"
58085004,Acute peptic ulcer without hemorrhage AND without perforation but with obstruction
58711008,"Acute gastrojejunal ulcer with hemorrhage, with perforation and with obstruction"
59356009,Chronic gastrojejunal ulcer with hemorrhage but without perforation
59515005,Acute gastrojejunal ulcer with hemorrhage but without obstruction
59913009,"Gastric ulcer without hemorrhage, without perforation AND without obstruction"
60400003,"Chronic peptic ulcer without hemorrhage, without perforation AND without obstruction"
60531007,Chronic gastric ulcer without hemorrhage AND without perforation but with obstruction
60551006,Chronic duodenal ulcer with perforation AND obstruction
61300005,Chronic peptic ulcer with hemorrhage AND perforation
61347001,Acute duodenal ulcer with perforation
62341002,Chronic duodenal ulcer with hemorrhage but without obstruction
62366003,Gastric ulcer with hemorrhage and perforation
62465000,Ulcer of esophagus caused by ingestion of corrosive chemical
62477005,Chronic gastrojejunal ulcer with perforation but without obstruction
62838000,Chronic gastrojejunal ulcer with hemorrhage
62936002,Acute duodenal ulcer with perforation AND obstruction
63954007,Acute gastrojejunal ulcer with hemorrhage
64094003,Gastrojejunal ulcer with hemorrhage AND perforation
64121000,Peptic ulcer with hemorrhage
64398008,Peptic ulcer with hemorrhage AND obstruction
64595005,Ulcer of esophagus caused by ingestion of medicine
66636001,Acute gastrojejunal ulcer with perforation
66673003,Acute gastrojejunal ulcer with hemorrhage and with perforation but without obstruction
66767006,Acute duodenal ulcer with hemorrhage but without obstruction
6761005,Familial hypergastrinemic duodenal ulcer
67964002,Acute gastric ulcer without hemorrhage AND without perforation
683509791000119109,Acute ulcer of pylorus caused by Helicobacter pylori
68834009,Giant duodenal ulcer
698496004,Patch repair of perforated duodenal ulcer
70418001,Acute gastric ulcer with hemorrhage but without obstruction
708644006,Laparoscopic closure of ulcer of stomach using patch
708645007,Laparoscopic closure of ulcer of duodenum using patch
713638002,Gastric ulcer caused by drug
717848003,Ulcer of esophagus due to gastro-esophageal reflux disease with complication
717849006,Ulcer of esophagus due to gastro-esophageal reflux disease without complication
717863000,Peptic anastomotic ulcer
717878007,Eosinophilic duodenal ulcer
717879004,Lymphocytic duodenal ulcer
717891008,Gastric ulcer due to Zollinger-Ellison syndrome
717892001,Duodenal ulcer due to Zollinger-Ellison syndrome
72219001,Acute gastrojejunal ulcer with perforation AND obstruction
722200003,Duodenal ulcer caused by non-steroidal anti-inflammatory drug
723099007,Gastric ulcer caused by bacterium
723100004,Gastric ulcer caused by virus
723101000,Gastric ulcer caused by fungus
723102007,Gastric ulcer due to parasitic infection
723103002,Gastric ulcer caused by alcohol
723104008,Gastric ulcer caused by ionizing radiation
723105009,Gastric ulcer caused by chemical
723884008,Duodenal ulcer caused by bacterium
72395008,Acute gastrojejunal ulcer with perforation but without obstruction
72408002,Acute gastrojejunal ulcer with hemorrhage and obstruction
724516001,Ulcer of esophagus caused by thermal agent
724519008,Gastric ulcer caused by Helicobacter pylori and non-steroidal anti-inflammatory agent
724520002,Ulcer of stomach due to eosinophilic gastritis
724521003,Ulcer of stomach due to lymphocytic gastritis
724522005,Anastomotic ulcer of stomach caused by Helicobacter pylori
724523000,Anastomotic ulcer of stomach caused by drug
724528009,Duodenal ulcer caused by Helicobacter pylori
724529001,Duodenal ulcer caused by drug
724530006,Duodenal ulcer caused by Helicobacter pylori and non-steroidal anti-inflammatory agent
724531005,Ulcer of duodenum caused by ionizing radiation
724532003,Ulcer of duodenum caused by chemical
724533008,Duodenal ulcer caused by virus
724534002,Duodenal ulcer caused by fungus
72486001,Gastric ulcer with perforation AND obstruction
733147004,Parasitic infection causing ulcer of esophagus
73481001,Gastric ulcer without hemorrhage AND without perforation
737189006,Ulcer of esophagus due to allergic disorder
737190002,Ulcer of esophagus due to disorder of immune system
738791006,Cushing ulcer of stomach
738792004,Cushing ulcer of esophagus
74341002,Chronic gastric ulcer with hemorrhage AND with perforation but without obstruction
75342000,Acute duodenal ulcer without hemorrhage AND without perforation but with obstruction
76078009,Chronic gastric ulcer with hemorrhage but without obstruction
76181002,Chronic gastric ulcer with hemorrhage and with perforation
762274007,Ulcer of stomach due to infection
762276009,Ulcer of duodenum due to infection
76338009,Normopepsinogenemic familial duodenal ulcer
76796008,Chronic gastric ulcer without hemorrhage AND without perforation
77410006,Duodenal ulcer with perforation AND obstruction
77661009,"Chronic peptic ulcer with hemorrhage, with perforation AND with obstruction"
77987006,"Acute gastrojejunal ulcer without hemorrhage, without perforation AND without obstruction"
78054007,Postpyloric ulcer
781203005,Curling's ulcer of stomach
782935003,"Tremor, nystagmus, duodenal ulcer syndrome"
786068005,Peptic ulcer with obstruction
79118000,Acute peptic ulcer with perforation
79806007,Combined gastric AND duodenal ulcer
80953005,Chronic peptic ulcer with perforation but without obstruction
81142005,Chronic duodenal ulcer with hemorrhage AND with perforation but without obstruction
81225008,Acute gastric ulcer without hemorrhage AND without perforation but with obstruction
81387001,Acute gastrojejunal ulcer with hemorrhage and perforation
81518000,Chronic peptic ulcer with hemorrhage but without obstruction
8322005,Closure of stomach ulcer
84038009,Gastric ulcer with perforation but without obstruction
840591006,Duodenal ulcer caused by platelet aggregation inhibitor
840592004,Gastric ulcer caused by platelet aggregation inhibitor
84124004,Gastrojejunal ulcer with hemorrhage
849591000000103,Gastric ulcer with obstruction
849601000000109,Duodenal ulcer with obstruction
849621000000100,Gastrojejunal ulcer with obstruction
85787009,"Chronic gastric ulcer with hemorrhage, with perforation and with obstruction"
85859006,Chronic gastric ulcer with hemorrhage and with obstruction
86258000,"Chronic duodenal ulcer with hemorrhage, with perforation AND with obstruction"
865912001,Exacerbation of peptic ulcer
86895006,Acute duodenal ulcer with hemorrhage AND perforation
86983005,Duodenal ulcer with perforation but without obstruction
87756006,Acute duodenal ulcer with hemorrhage AND obstruction
87796008,Gastrojejunal ulcer with hemorrhage and with perforation but without obstruction
88169003,Peptic ulcer with perforation
88700009,Fungal ulcer of esophagus
88968005,Duodenal ulcer with perforation
89469000,Chronic duodenal ulcer with hemorrhage
89600751000119100,Acute ulcer of pyloric antrum
89662003,Helicobacter-associated pyloric ulcer
89748001,Acute gastric ulcer with hemorrhage
90257004,Chronic gastrojejunal ulcer with hemorrhage and obstruction
90489006,Peptic ulcer with hemorrhage AND with perforation but without obstruction
90628007,Acute gastric ulcer with perforation but without obstruction
95529005,Acute gastric ulcer
95530000,Chronic gastric ulcer
96720031000119104,Chronic ulcer of stomach caused by Helicobacter pylori
9829001,Gastric ulcer with perforation
